"","price","area","bedrooms","bathrooms","stories","mainroad","guestroom","basement","hotwaterheating","airconditioning","parking","prefarea","furnishingstatus","price_k","price_level"
"1",13300000,7420,4,2,3,"yes","no","no","no","yes",2,"yes","furnished",13300,4
"2",12250000,8960,4,4,4,"yes","no","no","no","yes",3,"no","furnished",12250,4
"3",12250000,9960,3,2,2,"yes","no","yes","no","no",2,"yes","semi-furnished",12250,4
"4",12215000,7500,4,2,2,"yes","no","yes","no","yes",3,"yes","furnished",12215,4
"5",11410000,7420,4,1,2,"yes","yes","yes","no","yes",2,"no","furnished",11410,4
"6",10850000,7500,3,3,1,"yes","no","yes","no","yes",2,"yes","semi-furnished",10850,4
"7",10150000,8580,4,3,4,"yes","no","no","no","yes",2,"yes","semi-furnished",10150,4
"8",10150000,16200,5,3,2,"yes","no","no","no","no",0,"no","unfurnished",10150,4
"9",9870000,8100,4,1,2,"yes","yes","yes","no","yes",2,"yes","furnished",9870,4
"10",9800000,5750,3,2,4,"yes","yes","no","no","yes",1,"yes","unfurnished",9800,4
"11",9800000,13200,3,1,2,"yes","no","yes","no","yes",2,"yes","furnished",9800,4
"12",9681000,6000,4,3,2,"yes","yes","yes","yes","no",2,"no","semi-furnished",9681,4
"13",9310000,6550,4,2,2,"yes","no","no","no","yes",1,"yes","semi-furnished",9310,4
"14",9240000,3500,4,2,2,"yes","no","no","yes","no",2,"no","furnished",9240,4
"15",9240000,7800,3,2,2,"yes","no","no","no","no",0,"yes","semi-furnished",9240,4
"16",9100000,6000,4,1,2,"yes","no","yes","no","no",2,"no","semi-furnished",9100,4
"17",9100000,6600,4,2,2,"yes","yes","yes","no","yes",1,"yes","unfurnished",9100,4
"18",8960000,8500,3,2,4,"yes","no","no","no","yes",2,"no","furnished",8960,4
"19",8890000,4600,3,2,2,"yes","yes","no","no","yes",2,"no","furnished",8890,4
"20",8855000,6420,3,2,2,"yes","no","no","no","yes",1,"yes","semi-furnished",8855,4
"21",8750000,4320,3,1,2,"yes","no","yes","yes","no",2,"no","semi-furnished",8750,4
"22",8680000,7155,3,2,1,"yes","yes","yes","no","yes",2,"no","unfurnished",8680,4
"23",8645000,8050,3,1,1,"yes","yes","yes","no","yes",1,"no","furnished",8645,4
"24",8645000,4560,3,2,2,"yes","yes","yes","no","yes",1,"no","furnished",8645,4
"25",8575000,8800,3,2,2,"yes","no","no","no","yes",2,"no","furnished",8575,4
"26",8540000,6540,4,2,2,"yes","yes","yes","no","yes",2,"yes","furnished",8540,4
"27",8463000,6000,3,2,4,"yes","yes","yes","no","yes",0,"yes","semi-furnished",8463,4
"28",8400000,8875,3,1,1,"yes","no","no","no","no",1,"no","semi-furnished",8400,4
"29",8400000,7950,5,2,2,"yes","no","yes","yes","no",2,"no","unfurnished",8400,4
"30",8400000,5500,4,2,2,"yes","no","yes","no","yes",1,"yes","semi-furnished",8400,4
"31",8400000,7475,3,2,4,"yes","no","no","no","yes",2,"no","unfurnished",8400,4
"32",8400000,7000,3,1,4,"yes","no","no","no","yes",2,"no","semi-furnished",8400,4
"33",8295000,4880,4,2,2,"yes","no","no","no","yes",1,"yes","furnished",8295,4
"34",8190000,5960,3,3,2,"yes","yes","yes","no","no",1,"no","unfurnished",8190,4
"35",8120000,6840,5,1,2,"yes","yes","yes","no","yes",1,"no","furnished",8120,4
"36",8080940,7000,3,2,4,"yes","no","no","no","yes",2,"no","furnished",8080.94,4
"37",8043000,7482,3,2,3,"yes","no","no","yes","no",1,"yes","furnished",8043,4
"38",7980000,9000,4,2,4,"yes","no","no","no","yes",2,"no","furnished",7980,4
"39",7962500,6000,3,1,4,"yes","yes","no","no","yes",2,"no","unfurnished",7962.5,4
"40",7910000,6000,4,2,4,"yes","no","no","no","yes",1,"no","semi-furnished",7910,4
"41",7875000,6550,3,1,2,"yes","no","yes","no","yes",0,"yes","furnished",7875,4
"42",7840000,6360,3,2,4,"yes","no","no","no","yes",0,"yes","furnished",7840,4
"43",7700000,6480,3,2,4,"yes","no","no","no","yes",2,"no","unfurnished",7700,4
"44",7700000,6000,4,2,4,"yes","no","no","no","no",2,"no","semi-furnished",7700,4
"45",7560000,6000,4,2,4,"yes","no","no","no","yes",1,"no","furnished",7560,4
"46",7560000,6000,3,2,3,"yes","no","no","no","yes",0,"no","semi-furnished",7560,4
"47",7525000,6000,3,2,4,"yes","no","no","no","yes",1,"no","furnished",7525,4
"48",7490000,6600,3,1,4,"yes","no","no","no","yes",3,"yes","furnished",7490,4
"49",7455000,4300,3,2,2,"yes","no","yes","no","no",1,"no","unfurnished",7455,4
"50",7420000,7440,3,2,1,"yes","yes","yes","no","yes",0,"yes","semi-furnished",7420,4
"51",7420000,7440,3,2,4,"yes","no","no","no","no",1,"yes","unfurnished",7420,4
"52",7420000,6325,3,1,4,"yes","no","no","no","yes",1,"no","unfurnished",7420,4
"53",7350000,6000,4,2,4,"yes","yes","no","no","yes",1,"no","furnished",7350,4
"54",7350000,5150,3,2,4,"yes","no","no","no","yes",2,"no","semi-furnished",7350,4
"55",7350000,6000,3,2,2,"yes","yes","no","no","yes",1,"no","semi-furnished",7350,4
"56",7350000,6000,3,1,2,"yes","no","no","no","yes",1,"no","unfurnished",7350,4
"57",7343000,11440,4,1,2,"yes","no","yes","no","no",1,"yes","semi-furnished",7343,4
"58",7245000,9000,4,2,4,"yes","yes","no","no","yes",1,"yes","furnished",7245,4
"59",7210000,7680,4,2,4,"yes","yes","no","no","yes",1,"no","semi-furnished",7210,4
"60",7210000,6000,3,2,4,"yes","yes","no","no","yes",1,"no","furnished",7210,4
"61",7140000,6000,3,2,2,"yes","yes","no","no","no",1,"no","semi-furnished",7140,4
"62",7070000,8880,2,1,1,"yes","no","no","no","yes",1,"no","semi-furnished",7070,4
"63",7070000,6240,4,2,2,"yes","no","no","no","yes",1,"no","furnished",7070,4
"64",7035000,6360,4,2,3,"yes","no","no","no","yes",2,"yes","furnished",7035,4
"65",7000000,11175,3,1,1,"yes","no","yes","no","yes",1,"yes","furnished",7000,4
"66",6930000,8880,3,2,2,"yes","no","yes","no","yes",1,"no","furnished",6930,4
"67",6930000,13200,2,1,1,"yes","no","yes","yes","no",1,"no","furnished",6930,4
"68",6895000,7700,3,2,1,"yes","no","no","no","no",2,"no","unfurnished",6895,4
"69",6860000,6000,3,1,1,"yes","no","no","no","yes",1,"no","furnished",6860,4
"70",6790000,12090,4,2,2,"yes","no","no","no","no",2,"yes","furnished",6790,4
"71",6790000,4000,3,2,2,"yes","no","yes","no","yes",0,"yes","semi-furnished",6790,4
"72",6755000,6000,4,2,4,"yes","no","no","no","yes",0,"no","unfurnished",6755,4
"73",6720000,5020,3,1,4,"yes","no","no","no","yes",0,"yes","unfurnished",6720,4
"74",6685000,6600,2,2,4,"yes","no","yes","no","no",0,"yes","furnished",6685,4
"75",6650000,4040,3,1,2,"yes","no","yes","yes","no",1,"no","furnished",6650,4
"76",6650000,4260,4,2,2,"yes","no","no","yes","no",0,"no","semi-furnished",6650,4
"77",6650000,6420,3,2,3,"yes","no","no","no","yes",0,"yes","furnished",6650,4
"78",6650000,6500,3,2,3,"yes","no","no","no","yes",0,"yes","furnished",6650,4
"79",6650000,5700,3,1,1,"yes","yes","yes","no","yes",2,"yes","furnished",6650,4
"80",6650000,6000,3,2,3,"yes","yes","no","no","yes",0,"no","furnished",6650,4
"81",6629000,6000,3,1,2,"yes","no","no","yes","no",1,"yes","semi-furnished",6629,4
"82",6615000,4000,3,2,2,"yes","no","yes","no","yes",1,"no","semi-furnished",6615,4
"83",6615000,10500,3,2,1,"yes","no","yes","no","yes",1,"yes","furnished",6615,4
"84",6580000,6000,3,2,4,"yes","no","no","no","yes",0,"no","semi-furnished",6580,4
"85",6510000,3760,3,1,2,"yes","no","no","yes","no",2,"no","semi-furnished",6510,4
"86",6510000,8250,3,2,3,"yes","no","no","no","yes",0,"no","furnished",6510,4
"87",6510000,6670,3,1,3,"yes","no","yes","no","no",0,"yes","unfurnished",6510,4
"88",6475000,3960,3,1,1,"yes","no","yes","no","no",2,"no","semi-furnished",6475,4
"89",6475000,7410,3,1,1,"yes","yes","yes","no","yes",2,"yes","unfurnished",6475,4
"90",6440000,8580,5,3,2,"yes","no","no","no","no",2,"no","furnished",6440,4
"91",6440000,5000,3,1,2,"yes","no","no","no","yes",0,"no","semi-furnished",6440,4
"92",6419000,6750,2,1,1,"yes","yes","yes","no","no",2,"yes","furnished",6419,4
"93",6405000,4800,3,2,4,"yes","yes","no","no","yes",0,"no","furnished",6405,4
"94",6300000,7200,3,2,1,"yes","no","yes","no","yes",3,"no","semi-furnished",6300,4
"95",6300000,6000,4,2,4,"yes","no","no","no","no",1,"no","semi-furnished",6300,4
"96",6300000,4100,3,2,3,"yes","no","no","no","yes",2,"no","semi-furnished",6300,4
"97",6300000,9000,3,1,1,"yes","no","yes","no","no",1,"yes","furnished",6300,4
"98",6300000,6400,3,1,1,"yes","yes","yes","no","yes",1,"yes","semi-furnished",6300,4
"99",6293000,6600,3,2,3,"yes","no","no","no","yes",0,"yes","unfurnished",6293,4
"100",6265000,6000,4,1,3,"yes","yes","yes","no","no",0,"yes","unfurnished",6265,4
"101",6230000,6600,3,2,1,"yes","no","yes","no","yes",0,"yes","unfurnished",6230,4
"102",6230000,5500,3,1,3,"yes","no","no","no","no",1,"yes","unfurnished",6230,4
"103",6195000,5500,3,2,4,"yes","yes","no","no","yes",1,"no","semi-furnished",6195,4
"104",6195000,6350,3,2,3,"yes","yes","no","no","yes",0,"no","furnished",6195,4
"105",6195000,5500,3,2,1,"yes","yes","yes","no","no",2,"yes","furnished",6195,4
"106",6160000,4500,3,1,4,"yes","no","no","no","yes",0,"no","unfurnished",6160,4
"107",6160000,5450,4,2,1,"yes","no","yes","no","yes",0,"yes","semi-furnished",6160,4
"108",6125000,6420,3,1,3,"yes","no","yes","no","no",0,"yes","unfurnished",6125,4
"109",6107500,3240,4,1,3,"yes","no","no","no","no",1,"no","semi-furnished",6107.5,4
"110",6090000,6615,4,2,2,"yes","yes","no","yes","no",1,"no","semi-furnished",6090,4
"111",6090000,6600,3,1,1,"yes","yes","yes","no","no",2,"yes","semi-furnished",6090,4
"112",6090000,8372,3,1,3,"yes","no","no","no","yes",2,"no","unfurnished",6090,4
"113",6083000,4300,6,2,2,"yes","no","no","no","no",0,"no","furnished",6083,4
"114",6083000,9620,3,1,1,"yes","no","yes","no","no",2,"yes","furnished",6083,4
"115",6020000,6800,2,1,1,"yes","yes","yes","no","no",2,"no","furnished",6020,4
"116",6020000,8000,3,1,1,"yes","yes","yes","no","yes",2,"yes","semi-furnished",6020,4
"117",6020000,6900,3,2,1,"yes","yes","yes","no","no",0,"yes","unfurnished",6020,4
"118",5950000,3700,4,1,2,"yes","yes","no","no","yes",0,"no","furnished",5950,4
"119",5950000,6420,3,1,1,"yes","no","yes","no","yes",0,"yes","furnished",5950,4
"120",5950000,7020,3,1,1,"yes","no","yes","no","yes",2,"yes","semi-furnished",5950,4
"121",5950000,6540,3,1,1,"yes","yes","yes","no","no",2,"yes","furnished",5950,4
"122",5950000,7231,3,1,2,"yes","yes","yes","no","yes",0,"yes","semi-furnished",5950,4
"123",5950000,6254,4,2,1,"yes","no","yes","no","no",1,"yes","semi-furnished",5950,4
"124",5950000,7320,4,2,2,"yes","no","no","no","no",0,"no","furnished",5950,4
"125",5950000,6525,3,2,4,"yes","no","no","no","no",1,"no","furnished",5950,4
"126",5943000,15600,3,1,1,"yes","no","no","no","yes",2,"no","semi-furnished",5943,4
"127",5880000,7160,3,1,1,"yes","no","yes","no","no",2,"yes","unfurnished",5880,4
"128",5880000,6500,3,2,3,"yes","no","no","no","yes",0,"no","unfurnished",5880,4
"129",5873000,5500,3,1,3,"yes","yes","no","no","yes",1,"no","furnished",5873,4
"130",5873000,11460,3,1,3,"yes","no","no","no","no",2,"yes","semi-furnished",5873,4
"131",5866000,4800,3,1,1,"yes","yes","yes","no","no",0,"no","unfurnished",5866,4
"132",5810000,5828,4,1,4,"yes","yes","no","no","no",0,"no","semi-furnished",5810,4
"133",5810000,5200,3,1,3,"yes","no","no","no","yes",0,"no","semi-furnished",5810,4
"134",5810000,4800,3,1,3,"yes","no","no","no","yes",0,"no","unfurnished",5810,4
"135",5803000,7000,3,1,1,"yes","no","yes","no","no",2,"yes","semi-furnished",5803,4
"136",5775000,6000,3,2,4,"yes","no","no","no","yes",0,"no","unfurnished",5775,4
"137",5740000,5400,4,2,2,"yes","no","no","no","yes",2,"no","unfurnished",5740,3
"138",5740000,4640,4,1,2,"yes","no","no","no","no",1,"no","semi-furnished",5740,3
"139",5740000,5000,3,1,3,"yes","no","no","no","yes",0,"no","semi-furnished",5740,3
"140",5740000,6360,3,1,1,"yes","yes","yes","no","yes",2,"yes","furnished",5740,3
"141",5740000,5800,3,2,4,"yes","no","no","no","yes",0,"no","unfurnished",5740,3
"142",5652500,6660,4,2,2,"yes","yes","yes","no","no",1,"yes","semi-furnished",5652.5,3
"143",5600000,10500,4,2,2,"yes","no","no","no","no",1,"no","semi-furnished",5600,3
"144",5600000,4800,5,2,3,"no","no","yes","yes","no",0,"no","unfurnished",5600,3
"145",5600000,4700,4,1,2,"yes","yes","yes","no","yes",1,"no","furnished",5600,3
"146",5600000,5000,3,1,4,"yes","no","no","no","no",0,"no","furnished",5600,3
"147",5600000,10500,2,1,1,"yes","no","no","no","no",1,"no","semi-furnished",5600,3
"148",5600000,5500,3,2,2,"yes","no","no","no","no",1,"no","semi-furnished",5600,3
"149",5600000,6360,3,1,3,"yes","no","no","no","no",0,"yes","semi-furnished",5600,3
"150",5600000,6600,4,2,1,"yes","no","yes","no","no",0,"yes","semi-furnished",5600,3
"151",5600000,5136,3,1,2,"yes","yes","yes","no","yes",0,"yes","unfurnished",5600,3
"152",5565000,4400,4,1,2,"yes","no","no","no","yes",2,"yes","semi-furnished",5565,3
"153",5565000,5400,5,1,2,"yes","yes","yes","no","yes",0,"yes","furnished",5565,3
"154",5530000,3300,3,3,2,"yes","no","yes","no","no",0,"no","semi-furnished",5530,3
"155",5530000,3650,3,2,2,"yes","no","no","no","no",2,"no","semi-furnished",5530,3
"156",5530000,6100,3,2,1,"yes","no","yes","no","no",2,"yes","furnished",5530,3
"157",5523000,6900,3,1,1,"yes","yes","yes","no","no",0,"yes","semi-furnished",5523,3
"158",5495000,2817,4,2,2,"no","yes","yes","no","no",1,"no","furnished",5495,3
"159",5495000,7980,3,1,1,"yes","no","no","no","no",2,"no","semi-furnished",5495,3
"160",5460000,3150,3,2,1,"yes","yes","yes","no","yes",0,"no","furnished",5460,3
"161",5460000,6210,4,1,4,"yes","yes","no","no","yes",0,"no","furnished",5460,3
"162",5460000,6100,3,1,3,"yes","yes","no","no","yes",0,"yes","semi-furnished",5460,3
"163",5460000,6600,4,2,2,"yes","yes","yes","no","no",0,"yes","semi-furnished",5460,3
"164",5425000,6825,3,1,1,"yes","yes","yes","no","yes",0,"yes","semi-furnished",5425,3
"165",5390000,6710,3,2,2,"yes","yes","yes","no","no",1,"yes","furnished",5390,3
"166",5383000,6450,3,2,1,"yes","yes","yes","yes","no",0,"no","unfurnished",5383,3
"167",5320000,7800,3,1,1,"yes","no","yes","no","yes",2,"yes","unfurnished",5320,3
"168",5285000,4600,2,2,1,"yes","no","no","no","yes",2,"no","semi-furnished",5285,3
"169",5250000,4260,4,1,2,"yes","no","yes","no","yes",0,"no","furnished",5250,3
"170",5250000,6540,4,2,2,"no","no","no","no","yes",0,"no","semi-furnished",5250,3
"171",5250000,5500,3,2,1,"yes","no","yes","no","no",0,"no","semi-furnished",5250,3
"172",5250000,10269,3,1,1,"yes","no","no","no","no",1,"yes","semi-furnished",5250,3
"173",5250000,8400,3,1,2,"yes","yes","yes","no","yes",2,"yes","unfurnished",5250,3
"174",5250000,5300,4,2,1,"yes","no","no","no","yes",0,"yes","unfurnished",5250,3
"175",5250000,3800,3,1,2,"yes","yes","yes","no","no",1,"yes","unfurnished",5250,3
"176",5250000,9800,4,2,2,"yes","yes","no","no","no",2,"no","semi-furnished",5250,3
"177",5250000,8520,3,1,1,"yes","no","no","no","yes",2,"no","furnished",5250,3
"178",5243000,6050,3,1,1,"yes","no","yes","no","no",0,"yes","semi-furnished",5243,3
"179",5229000,7085,3,1,1,"yes","yes","yes","no","no",2,"yes","semi-furnished",5229,3
"180",5215000,3180,3,2,2,"yes","no","no","no","no",2,"no","semi-furnished",5215,3
"181",5215000,4500,4,2,1,"no","no","yes","no","yes",2,"no","semi-furnished",5215,3
"182",5215000,7200,3,1,2,"yes","yes","yes","no","no",1,"yes","furnished",5215,3
"183",5145000,3410,3,1,2,"no","no","no","no","yes",0,"no","semi-furnished",5145,3
"184",5145000,7980,3,1,1,"yes","no","no","no","no",1,"yes","semi-furnished",5145,3
"185",5110000,3000,3,2,2,"yes","yes","yes","no","no",0,"no","furnished",5110,3
"186",5110000,3000,3,1,2,"yes","no","yes","no","no",0,"no","unfurnished",5110,3
"187",5110000,11410,2,1,2,"yes","no","no","no","no",0,"yes","furnished",5110,3
"188",5110000,6100,3,1,1,"yes","no","yes","no","yes",0,"yes","semi-furnished",5110,3
"189",5075000,5720,2,1,2,"yes","no","no","no","yes",0,"yes","unfurnished",5075,3
"190",5040000,3540,2,1,1,"no","yes","yes","no","no",0,"no","semi-furnished",5040,3
"191",5040000,7600,4,1,2,"yes","no","no","no","yes",2,"no","furnished",5040,3
"192",5040000,10700,3,1,2,"yes","yes","yes","no","no",0,"no","semi-furnished",5040,3
"193",5040000,6600,3,1,1,"yes","yes","yes","no","no",0,"yes","furnished",5040,3
"194",5033000,4800,2,1,1,"yes","yes","yes","no","no",0,"no","semi-furnished",5033,3
"195",5005000,8150,3,2,1,"yes","yes","yes","no","no",0,"no","semi-furnished",5005,3
"196",4970000,4410,4,3,2,"yes","no","yes","no","no",2,"no","semi-furnished",4970,3
"197",4970000,7686,3,1,1,"yes","yes","yes","yes","no",0,"no","semi-furnished",4970,3
"198",4956000,2800,3,2,2,"no","no","yes","no","yes",1,"no","semi-furnished",4956,3
"199",4935000,5948,3,1,2,"yes","no","no","no","yes",0,"no","semi-furnished",4935,3
"200",4907000,4200,3,1,2,"yes","no","no","no","no",1,"no","furnished",4907,3
"201",4900000,4520,3,1,2,"yes","no","yes","no","yes",0,"no","semi-furnished",4900,3
"202",4900000,4095,3,1,2,"no","yes","yes","no","yes",0,"no","semi-furnished",4900,3
"203",4900000,4120,2,1,1,"yes","no","yes","no","no",1,"no","semi-furnished",4900,3
"204",4900000,5400,4,1,2,"yes","no","no","no","no",0,"no","semi-furnished",4900,3
"205",4900000,4770,3,1,1,"yes","yes","yes","no","no",0,"no","semi-furnished",4900,3
"206",4900000,6300,3,1,1,"yes","no","no","no","yes",2,"no","semi-furnished",4900,3
"207",4900000,5800,2,1,1,"yes","yes","yes","no","yes",0,"no","semi-furnished",4900,3
"208",4900000,3000,3,1,2,"yes","no","yes","no","yes",0,"no","semi-furnished",4900,3
"209",4900000,2970,3,1,3,"yes","no","no","no","no",0,"no","semi-furnished",4900,3
"210",4900000,6720,3,1,1,"yes","no","no","no","no",0,"no","unfurnished",4900,3
"211",4900000,4646,3,1,2,"yes","yes","yes","no","no",2,"no","semi-furnished",4900,3
"212",4900000,12900,3,1,1,"yes","no","no","no","no",2,"no","furnished",4900,3
"213",4893000,3420,4,2,2,"yes","no","yes","no","yes",2,"no","semi-furnished",4893,3
"214",4893000,4995,4,2,1,"yes","no","yes","no","no",0,"no","semi-furnished",4893,3
"215",4865000,4350,2,1,1,"yes","no","yes","no","no",0,"no","unfurnished",4865,3
"216",4830000,4160,3,1,3,"yes","no","no","no","no",0,"no","unfurnished",4830,3
"217",4830000,6040,3,1,1,"yes","no","no","no","no",2,"yes","semi-furnished",4830,3
"218",4830000,6862,3,1,2,"yes","no","no","no","yes",2,"yes","furnished",4830,3
"219",4830000,4815,2,1,1,"yes","no","no","no","yes",0,"yes","semi-furnished",4830,3
"220",4795000,7000,3,1,2,"yes","no","yes","no","no",0,"no","unfurnished",4795,3
"221",4795000,8100,4,1,4,"yes","no","yes","no","yes",2,"no","semi-furnished",4795,3
"222",4767000,3420,4,2,2,"yes","no","no","no","no",0,"no","semi-furnished",4767,3
"223",4760000,9166,2,1,1,"yes","no","yes","no","yes",2,"no","semi-furnished",4760,3
"224",4760000,6321,3,1,2,"yes","no","yes","no","yes",1,"no","furnished",4760,3
"225",4760000,10240,2,1,1,"yes","no","no","no","yes",2,"yes","unfurnished",4760,3
"226",4753000,6440,2,1,1,"yes","no","no","no","yes",3,"no","semi-furnished",4753,3
"227",4690000,5170,3,1,4,"yes","no","no","no","yes",0,"no","semi-furnished",4690,3
"228",4690000,6000,2,1,1,"yes","no","yes","no","yes",1,"no","furnished",4690,3
"229",4690000,3630,3,1,2,"yes","no","no","no","no",2,"no","semi-furnished",4690,3
"230",4690000,9667,4,2,2,"yes","yes","yes","no","no",1,"no","semi-furnished",4690,3
"231",4690000,5400,2,1,2,"yes","no","no","no","no",0,"yes","semi-furnished",4690,3
"232",4690000,4320,3,1,1,"yes","no","no","no","no",0,"yes","semi-furnished",4690,3
"233",4655000,3745,3,1,2,"yes","no","yes","no","no",0,"no","furnished",4655,3
"234",4620000,4160,3,1,1,"yes","yes","yes","no","yes",0,"no","unfurnished",4620,3
"235",4620000,3880,3,2,2,"yes","no","yes","no","no",2,"no","semi-furnished",4620,3
"236",4620000,5680,3,1,2,"yes","yes","no","no","yes",1,"no","semi-furnished",4620,3
"237",4620000,2870,2,1,2,"yes","yes","yes","no","no",0,"yes","semi-furnished",4620,3
"238",4620000,5010,3,1,2,"yes","no","yes","no","no",0,"no","semi-furnished",4620,3
"239",4613000,4510,4,2,2,"yes","no","yes","no","no",0,"no","semi-furnished",4613,3
"240",4585000,4000,3,1,2,"yes","no","no","no","no",1,"no","furnished",4585,3
"241",4585000,3840,3,1,2,"yes","no","no","no","no",1,"yes","semi-furnished",4585,3
"242",4550000,3760,3,1,1,"yes","no","no","no","no",2,"no","semi-furnished",4550,3
"243",4550000,3640,3,1,2,"yes","no","no","no","yes",0,"no","furnished",4550,3
"244",4550000,2550,3,1,2,"yes","no","yes","no","no",0,"no","furnished",4550,3
"245",4550000,5320,3,1,2,"yes","yes","yes","no","no",0,"yes","semi-furnished",4550,3
"246",4550000,5360,3,1,2,"yes","no","no","no","no",2,"yes","unfurnished",4550,3
"247",4550000,3520,3,1,1,"yes","no","no","no","no",0,"yes","semi-furnished",4550,3
"248",4550000,8400,4,1,4,"yes","no","no","no","no",3,"no","unfurnished",4550,3
"249",4543000,4100,2,2,1,"yes","yes","yes","no","no",0,"no","semi-furnished",4543,3
"250",4543000,4990,4,2,2,"yes","yes","yes","no","no",0,"yes","furnished",4543,3
"251",4515000,3510,3,1,3,"yes","no","no","no","no",0,"no","semi-furnished",4515,3
"252",4515000,3450,3,1,2,"yes","no","yes","no","no",1,"no","semi-furnished",4515,3
"253",4515000,9860,3,1,1,"yes","no","no","no","no",0,"no","semi-furnished",4515,3
"254",4515000,3520,2,1,2,"yes","no","no","no","no",0,"yes","furnished",4515,3
"255",4480000,4510,4,1,2,"yes","no","no","no","yes",2,"no","semi-furnished",4480,3
"256",4480000,5885,2,1,1,"yes","no","no","no","yes",1,"no","unfurnished",4480,3
"257",4480000,4000,3,1,2,"yes","no","no","no","no",2,"no","furnished",4480,3
"258",4480000,8250,3,1,1,"yes","no","no","no","no",0,"no","furnished",4480,3
"259",4480000,4040,3,1,2,"yes","no","no","no","no",1,"no","semi-furnished",4480,3
"260",4473000,6360,2,1,1,"yes","no","yes","no","yes",1,"no","furnished",4473,3
"261",4473000,3162,3,1,2,"yes","no","no","no","yes",1,"no","furnished",4473,3
"262",4473000,3510,3,1,2,"yes","no","no","no","no",0,"no","semi-furnished",4473,3
"263",4445000,3750,2,1,1,"yes","yes","yes","no","no",0,"no","semi-furnished",4445,3
"264",4410000,3968,3,1,2,"no","no","no","no","no",0,"no","semi-furnished",4410,3
"265",4410000,4900,2,1,2,"yes","no","yes","no","no",0,"no","semi-furnished",4410,3
"266",4403000,2880,3,1,2,"yes","no","no","no","no",0,"yes","semi-furnished",4403,3
"267",4403000,4880,3,1,1,"yes","no","no","no","no",2,"yes","unfurnished",4403,3
"268",4403000,4920,3,1,2,"yes","no","no","no","no",1,"no","semi-furnished",4403,3
"269",4382000,4950,4,1,2,"yes","no","no","no","yes",0,"no","semi-furnished",4382,3
"270",4375000,3900,3,1,2,"yes","no","no","no","no",0,"no","unfurnished",4375,3
"271",4340000,4500,3,2,3,"yes","no","no","yes","no",1,"no","furnished",4340,2
"272",4340000,1905,5,1,2,"no","no","yes","no","no",0,"no","semi-furnished",4340,2
"273",4340000,4075,3,1,1,"yes","yes","yes","no","no",2,"no","semi-furnished",4340,2
"274",4340000,3500,4,1,2,"yes","no","no","no","no",2,"no","furnished",4340,2
"275",4340000,6450,4,1,2,"yes","no","no","no","no",0,"no","semi-furnished",4340,2
"276",4319000,4032,2,1,1,"yes","no","yes","no","no",0,"no","furnished",4319,2
"277",4305000,4400,2,1,1,"yes","no","no","no","no",1,"no","semi-furnished",4305,2
"278",4305000,10360,2,1,1,"yes","no","no","no","no",1,"yes","semi-furnished",4305,2
"279",4277000,3400,3,1,2,"yes","no","yes","no","no",2,"yes","semi-furnished",4277,2
"280",4270000,6360,2,1,1,"yes","no","no","no","no",0,"no","furnished",4270,2
"281",4270000,6360,2,1,2,"yes","no","no","no","no",0,"no","unfurnished",4270,2
"282",4270000,4500,2,1,1,"yes","no","no","no","yes",2,"no","furnished",4270,2
"283",4270000,2175,3,1,2,"no","yes","yes","no","yes",0,"no","unfurnished",4270,2
"284",4270000,4360,4,1,2,"yes","no","no","no","no",0,"no","furnished",4270,2
"285",4270000,7770,2,1,1,"yes","no","no","no","no",1,"no","furnished",4270,2
"286",4235000,6650,3,1,2,"yes","yes","no","no","no",0,"no","semi-furnished",4235,2
"287",4235000,2787,3,1,1,"yes","no","yes","no","no",0,"yes","furnished",4235,2
"288",4200000,5500,3,1,2,"yes","no","no","no","yes",0,"no","unfurnished",4200,2
"289",4200000,5040,3,1,2,"yes","no","yes","no","yes",0,"no","unfurnished",4200,2
"290",4200000,5850,2,1,1,"yes","yes","yes","no","no",2,"no","semi-furnished",4200,2
"291",4200000,2610,4,3,2,"no","no","no","no","no",0,"no","semi-furnished",4200,2
"292",4200000,2953,3,1,2,"yes","no","yes","no","yes",0,"no","unfurnished",4200,2
"293",4200000,2747,4,2,2,"no","no","no","no","no",0,"no","semi-furnished",4200,2
"294",4200000,4410,2,1,1,"no","no","no","no","no",1,"no","unfurnished",4200,2
"295",4200000,4000,4,2,2,"no","no","no","no","no",0,"no","semi-furnished",4200,2
"296",4200000,2325,3,1,2,"no","no","no","no","no",0,"no","semi-furnished",4200,2
"297",4200000,4600,3,2,2,"yes","no","no","no","yes",1,"no","semi-furnished",4200,2
"298",4200000,3640,3,2,2,"yes","no","yes","no","no",0,"no","unfurnished",4200,2
"299",4200000,5800,3,1,1,"yes","no","no","yes","no",2,"no","semi-furnished",4200,2
"300",4200000,7000,3,1,1,"yes","no","no","no","no",3,"no","furnished",4200,2
"301",4200000,4079,3,1,3,"yes","no","no","no","no",0,"no","semi-furnished",4200,2
"302",4200000,3520,3,1,2,"yes","no","no","no","no",0,"yes","semi-furnished",4200,2
"303",4200000,2145,3,1,3,"yes","no","no","no","no",1,"yes","unfurnished",4200,2
"304",4200000,4500,3,1,1,"yes","no","yes","no","no",0,"no","furnished",4200,2
"305",4193000,8250,3,1,1,"yes","no","yes","no","no",3,"no","semi-furnished",4193,2
"306",4193000,3450,3,1,2,"yes","no","no","no","no",1,"no","semi-furnished",4193,2
"307",4165000,4840,3,1,2,"yes","no","no","no","no",1,"no","semi-furnished",4165,2
"308",4165000,4080,3,1,2,"yes","no","no","no","no",2,"no","semi-furnished",4165,2
"309",4165000,4046,3,1,2,"yes","no","yes","no","no",1,"no","semi-furnished",4165,2
"310",4130000,4632,4,1,2,"yes","no","no","no","yes",0,"no","semi-furnished",4130,2
"311",4130000,5985,3,1,1,"yes","no","yes","no","no",0,"no","semi-furnished",4130,2
"312",4123000,6060,2,1,1,"yes","no","yes","no","no",1,"no","semi-furnished",4123,2
"313",4098500,3600,3,1,1,"yes","no","yes","no","yes",0,"yes","furnished",4098.5,2
"314",4095000,3680,3,2,2,"yes","no","no","no","no",0,"no","semi-furnished",4095,2
"315",4095000,4040,2,1,2,"yes","no","no","no","no",1,"no","semi-furnished",4095,2
"316",4095000,5600,2,1,1,"yes","no","no","no","yes",0,"no","semi-furnished",4095,2
"317",4060000,5900,4,2,2,"no","no","yes","no","no",1,"no","unfurnished",4060,2
"318",4060000,4992,3,2,2,"yes","no","no","no","no",2,"no","unfurnished",4060,2
"319",4060000,4340,3,1,1,"yes","no","no","no","no",0,"no","semi-furnished",4060,2
"320",4060000,3000,4,1,3,"yes","no","yes","no","yes",2,"no","semi-furnished",4060,2
"321",4060000,4320,3,1,2,"yes","no","no","no","no",2,"yes","furnished",4060,2
"322",4025000,3630,3,2,2,"yes","no","no","yes","no",2,"no","semi-furnished",4025,2
"323",4025000,3460,3,2,1,"yes","no","yes","no","yes",1,"no","furnished",4025,2
"324",4025000,5400,3,1,1,"yes","no","no","no","no",3,"no","semi-furnished",4025,2
"325",4007500,4500,3,1,2,"no","no","yes","no","yes",0,"no","semi-furnished",4007.5,2
"326",4007500,3460,4,1,2,"yes","no","no","no","yes",0,"no","semi-furnished",4007.5,2
"327",3990000,4100,4,1,1,"no","no","yes","no","no",0,"no","unfurnished",3990,2
"328",3990000,6480,3,1,2,"no","no","no","no","yes",1,"no","semi-furnished",3990,2
"329",3990000,4500,3,2,2,"no","no","yes","no","yes",0,"no","semi-furnished",3990,2
"330",3990000,3960,3,1,2,"yes","no","no","no","no",0,"no","furnished",3990,2
"331",3990000,4050,2,1,2,"yes","yes","yes","no","no",0,"yes","unfurnished",3990,2
"332",3920000,7260,3,2,1,"yes","yes","yes","no","no",3,"no","furnished",3920,2
"333",3920000,5500,4,1,2,"yes","yes","yes","no","no",0,"no","semi-furnished",3920,2
"334",3920000,3000,3,1,2,"yes","no","no","no","no",0,"no","semi-furnished",3920,2
"335",3920000,3290,2,1,1,"yes","no","no","yes","no",1,"no","furnished",3920,2
"336",3920000,3816,2,1,1,"yes","no","yes","no","yes",2,"no","furnished",3920,2
"337",3920000,8080,3,1,1,"yes","no","no","no","yes",2,"no","semi-furnished",3920,2
"338",3920000,2145,4,2,1,"yes","no","yes","no","no",0,"yes","unfurnished",3920,2
"339",3885000,3780,2,1,2,"yes","yes","yes","no","no",0,"no","semi-furnished",3885,2
"340",3885000,3180,4,2,2,"yes","no","no","no","no",0,"no","furnished",3885,2
"341",3850000,5300,5,2,2,"yes","no","no","no","no",0,"no","semi-furnished",3850,2
"342",3850000,3180,2,2,1,"yes","no","yes","no","no",2,"no","semi-furnished",3850,2
"343",3850000,7152,3,1,2,"yes","no","no","no","yes",0,"no","furnished",3850,2
"344",3850000,4080,2,1,1,"yes","no","no","no","no",0,"no","semi-furnished",3850,2
"345",3850000,3850,2,1,1,"yes","no","no","no","no",0,"no","semi-furnished",3850,2
"346",3850000,2015,3,1,2,"yes","no","yes","no","no",0,"yes","semi-furnished",3850,2
"347",3850000,2176,2,1,2,"yes","yes","no","no","no",0,"yes","semi-furnished",3850,2
"348",3836000,3350,3,1,2,"yes","no","no","no","no",0,"no","unfurnished",3836,2
"349",3815000,3150,2,2,1,"no","no","yes","no","no",0,"no","semi-furnished",3815,2
"350",3780000,4820,3,1,2,"yes","no","no","no","no",0,"no","semi-furnished",3780,2
"351",3780000,3420,2,1,2,"yes","no","no","yes","no",1,"no","semi-furnished",3780,2
"352",3780000,3600,2,1,1,"yes","no","no","no","no",0,"no","semi-furnished",3780,2
"353",3780000,5830,2,1,1,"yes","no","no","no","no",2,"no","unfurnished",3780,2
"354",3780000,2856,3,1,3,"yes","no","no","no","no",0,"yes","furnished",3780,2
"355",3780000,8400,2,1,1,"yes","no","no","no","no",1,"no","furnished",3780,2
"356",3773000,8250,3,1,1,"yes","no","no","no","no",2,"no","furnished",3773,2
"357",3773000,2520,5,2,1,"no","no","yes","no","yes",1,"no","furnished",3773,2
"358",3773000,6930,4,1,2,"no","no","no","no","no",1,"no","furnished",3773,2
"359",3745000,3480,2,1,1,"yes","no","no","no","no",0,"yes","semi-furnished",3745,2
"360",3710000,3600,3,1,1,"yes","no","no","no","no",1,"no","unfurnished",3710,2
"361",3710000,4040,2,1,1,"yes","no","no","no","no",0,"no","semi-furnished",3710,2
"362",3710000,6020,3,1,1,"yes","no","no","no","no",0,"no","semi-furnished",3710,2
"363",3710000,4050,2,1,1,"yes","no","no","no","no",0,"no","furnished",3710,2
"364",3710000,3584,2,1,1,"yes","no","no","yes","no",0,"no","semi-furnished",3710,2
"365",3703000,3120,3,1,2,"no","no","yes","yes","no",0,"no","semi-furnished",3703,2
"366",3703000,5450,2,1,1,"yes","no","no","no","no",0,"no","furnished",3703,2
"367",3675000,3630,2,1,1,"yes","no","yes","no","no",0,"no","furnished",3675,2
"368",3675000,3630,2,1,1,"yes","no","no","no","yes",0,"no","unfurnished",3675,2
"369",3675000,5640,2,1,1,"no","no","no","no","no",0,"no","semi-furnished",3675,2
"370",3675000,3600,2,1,1,"yes","no","no","no","no",0,"no","furnished",3675,2
"371",3640000,4280,2,1,1,"yes","no","no","no","yes",2,"no","semi-furnished",3640,2
"372",3640000,3570,3,1,2,"yes","no","yes","no","no",0,"no","semi-furnished",3640,2
"373",3640000,3180,3,1,2,"no","no","yes","no","no",0,"no","semi-furnished",3640,2
"374",3640000,3000,2,1,2,"yes","no","no","no","yes",0,"no","furnished",3640,2
"375",3640000,3520,2,2,1,"yes","no","yes","no","no",0,"no","semi-furnished",3640,2
"376",3640000,5960,3,1,2,"yes","yes","yes","no","no",0,"no","unfurnished",3640,2
"377",3640000,4130,3,2,2,"yes","no","no","no","no",2,"no","semi-furnished",3640,2
"378",3640000,2850,3,2,2,"no","no","yes","no","no",0,"yes","unfurnished",3640,2
"379",3640000,2275,3,1,3,"yes","no","no","yes","yes",0,"yes","semi-furnished",3640,2
"380",3633000,3520,3,1,1,"yes","no","no","no","no",2,"yes","unfurnished",3633,2
"381",3605000,4500,2,1,1,"yes","no","no","no","no",0,"no","semi-furnished",3605,2
"382",3605000,4000,2,1,1,"yes","no","no","no","no",0,"yes","semi-furnished",3605,2
"383",3570000,3150,3,1,2,"yes","no","yes","no","no",0,"no","furnished",3570,2
"384",3570000,4500,4,2,2,"yes","no","yes","no","no",2,"no","furnished",3570,2
"385",3570000,4500,2,1,1,"no","no","no","no","no",0,"no","furnished",3570,2
"386",3570000,3640,2,1,1,"yes","no","no","no","no",0,"no","unfurnished",3570,2
"387",3535000,3850,3,1,1,"yes","no","no","no","no",2,"no","unfurnished",3535,2
"388",3500000,4240,3,1,2,"yes","no","no","no","yes",0,"no","semi-furnished",3500,2
"389",3500000,3650,3,1,2,"yes","no","no","no","no",0,"no","unfurnished",3500,2
"390",3500000,4600,4,1,2,"yes","no","no","no","no",0,"no","semi-furnished",3500,2
"391",3500000,2135,3,2,2,"no","no","no","no","no",0,"no","unfurnished",3500,2
"392",3500000,3036,3,1,2,"yes","no","yes","no","no",0,"no","semi-furnished",3500,2
"393",3500000,3990,3,1,2,"yes","no","no","no","no",0,"no","semi-furnished",3500,2
"394",3500000,7424,3,1,1,"no","no","no","no","no",0,"no","unfurnished",3500,2
"395",3500000,3480,3,1,1,"no","no","no","no","yes",0,"no","unfurnished",3500,2
"396",3500000,3600,6,1,2,"yes","no","no","no","no",1,"no","unfurnished",3500,2
"397",3500000,3640,2,1,1,"yes","no","no","no","no",1,"no","semi-furnished",3500,2
"398",3500000,5900,2,1,1,"yes","no","no","no","no",1,"no","furnished",3500,2
"399",3500000,3120,3,1,2,"yes","no","no","no","no",1,"no","unfurnished",3500,2
"400",3500000,7350,2,1,1,"yes","no","no","no","no",1,"no","semi-furnished",3500,2
"401",3500000,3512,2,1,1,"yes","no","no","no","no",1,"yes","unfurnished",3500,2
"402",3500000,9500,3,1,2,"yes","no","no","no","no",3,"yes","unfurnished",3500,2
"403",3500000,5880,2,1,1,"yes","no","no","no","no",0,"no","unfurnished",3500,2
"404",3500000,12944,3,1,1,"yes","no","no","no","no",0,"no","unfurnished",3500,2
"405",3493000,4900,3,1,2,"no","no","no","no","no",0,"no","unfurnished",3493,2
"406",3465000,3060,3,1,1,"yes","no","no","no","no",0,"no","unfurnished",3465,2
"407",3465000,5320,2,1,1,"yes","no","no","no","no",1,"yes","unfurnished",3465,2
"408",3465000,2145,3,1,3,"yes","no","no","no","no",0,"yes","furnished",3465,2
"409",3430000,4000,2,1,1,"yes","no","no","no","no",0,"no","unfurnished",3430,1
"410",3430000,3185,2,1,1,"yes","no","no","no","no",2,"no","unfurnished",3430,1
"411",3430000,3850,3,1,1,"yes","no","no","no","no",0,"no","unfurnished",3430,1
"412",3430000,2145,3,1,3,"yes","no","no","no","no",0,"yes","furnished",3430,1
"413",3430000,2610,3,1,2,"yes","no","yes","no","no",0,"yes","unfurnished",3430,1
"414",3430000,1950,3,2,2,"yes","no","yes","no","no",0,"yes","unfurnished",3430,1
"415",3423000,4040,2,1,1,"yes","no","no","no","no",0,"no","unfurnished",3423,1
"416",3395000,4785,3,1,2,"yes","yes","yes","no","yes",1,"no","furnished",3395,1
"417",3395000,3450,3,1,1,"yes","no","yes","no","no",2,"no","unfurnished",3395,1
"418",3395000,3640,2,1,1,"yes","no","no","no","no",0,"no","furnished",3395,1
"419",3360000,3500,4,1,2,"yes","no","no","no","yes",2,"no","unfurnished",3360,1
"420",3360000,4960,4,1,3,"no","no","no","no","no",0,"no","semi-furnished",3360,1
"421",3360000,4120,2,1,2,"yes","no","no","no","no",0,"no","unfurnished",3360,1
"422",3360000,4750,2,1,1,"yes","no","no","no","no",0,"no","unfurnished",3360,1
"423",3360000,3720,2,1,1,"no","no","no","no","yes",0,"no","unfurnished",3360,1
"424",3360000,3750,3,1,1,"yes","no","no","no","no",0,"no","unfurnished",3360,1
"425",3360000,3100,3,1,2,"no","no","yes","no","no",0,"no","semi-furnished",3360,1
"426",3360000,3185,2,1,1,"yes","no","yes","no","no",2,"no","furnished",3360,1
"427",3353000,2700,3,1,1,"no","no","no","no","no",0,"no","furnished",3353,1
"428",3332000,2145,3,1,2,"yes","no","yes","no","no",0,"yes","furnished",3332,1
"429",3325000,4040,2,1,1,"yes","no","no","no","no",1,"no","unfurnished",3325,1
"430",3325000,4775,4,1,2,"yes","no","no","no","no",0,"no","unfurnished",3325,1
"431",3290000,2500,2,1,1,"no","no","no","no","yes",0,"no","unfurnished",3290,1
"432",3290000,3180,4,1,2,"yes","no","yes","no","yes",0,"no","unfurnished",3290,1
"433",3290000,6060,3,1,1,"yes","yes","yes","no","no",0,"no","furnished",3290,1
"434",3290000,3480,4,1,2,"no","no","no","no","no",1,"no","semi-furnished",3290,1
"435",3290000,3792,4,1,2,"yes","no","no","no","no",0,"no","semi-furnished",3290,1
"436",3290000,4040,2,1,1,"yes","no","no","no","no",0,"no","unfurnished",3290,1
"437",3290000,2145,3,1,2,"yes","no","yes","no","no",0,"yes","furnished",3290,1
"438",3290000,5880,3,1,1,"yes","no","no","no","no",1,"no","unfurnished",3290,1
"439",3255000,4500,2,1,1,"no","no","no","no","no",0,"no","semi-furnished",3255,1
"440",3255000,3930,2,1,1,"no","no","no","no","no",0,"no","unfurnished",3255,1
"441",3234000,3640,4,1,2,"yes","no","yes","no","no",0,"no","unfurnished",3234,1
"442",3220000,4370,3,1,2,"yes","no","no","no","no",0,"no","unfurnished",3220,1
"443",3220000,2684,2,1,1,"yes","no","no","no","yes",1,"no","unfurnished",3220,1
"444",3220000,4320,3,1,1,"no","no","no","no","no",1,"no","unfurnished",3220,1
"445",3220000,3120,3,1,2,"no","no","no","no","no",0,"no","furnished",3220,1
"446",3150000,3450,1,1,1,"yes","no","no","no","no",0,"no","furnished",3150,1
"447",3150000,3986,2,2,1,"no","yes","yes","no","no",1,"no","unfurnished",3150,1
"448",3150000,3500,2,1,1,"no","no","yes","no","no",0,"no","semi-furnished",3150,1
"449",3150000,4095,2,1,1,"yes","no","no","no","no",2,"no","semi-furnished",3150,1
"450",3150000,1650,3,1,2,"no","no","yes","no","no",0,"no","unfurnished",3150,1
"451",3150000,3450,3,1,2,"yes","no","yes","no","no",0,"no","semi-furnished",3150,1
"452",3150000,6750,2,1,1,"yes","no","no","no","no",0,"no","semi-furnished",3150,1
"453",3150000,9000,3,1,2,"yes","no","no","no","no",2,"no","semi-furnished",3150,1
"454",3150000,3069,2,1,1,"yes","no","no","no","no",1,"no","unfurnished",3150,1
"455",3143000,4500,3,1,2,"yes","no","no","no","yes",0,"no","unfurnished",3143,1
"456",3129000,5495,3,1,1,"yes","no","yes","no","no",0,"no","unfurnished",3129,1
"457",3118850,2398,3,1,1,"yes","no","no","no","no",0,"yes","semi-furnished",3118.85,1
"458",3115000,3000,3,1,1,"no","no","no","no","yes",0,"no","unfurnished",3115,1
"459",3115000,3850,3,1,2,"yes","no","no","no","no",0,"no","unfurnished",3115,1
"460",3115000,3500,2,1,1,"yes","no","no","no","no",0,"no","unfurnished",3115,1
"461",3087000,8100,2,1,1,"yes","no","no","no","no",1,"no","unfurnished",3087,1
"462",3080000,4960,2,1,1,"yes","no","yes","no","yes",0,"no","unfurnished",3080,1
"463",3080000,2160,3,1,2,"no","no","yes","no","no",0,"no","semi-furnished",3080,1
"464",3080000,3090,2,1,1,"yes","yes","yes","no","no",0,"no","unfurnished",3080,1
"465",3080000,4500,2,1,2,"yes","no","no","yes","no",1,"no","semi-furnished",3080,1
"466",3045000,3800,2,1,1,"yes","no","no","no","no",0,"no","unfurnished",3045,1
"467",3010000,3090,3,1,2,"no","no","no","no","no",0,"no","semi-furnished",3010,1
"468",3010000,3240,3,1,2,"yes","no","no","no","no",2,"no","semi-furnished",3010,1
"469",3010000,2835,2,1,1,"yes","no","no","no","no",0,"no","semi-furnished",3010,1
"470",3010000,4600,2,1,1,"yes","no","no","no","no",0,"no","furnished",3010,1
"471",3010000,5076,3,1,1,"no","no","no","no","no",0,"no","unfurnished",3010,1
"472",3010000,3750,3,1,2,"yes","no","no","no","no",0,"no","unfurnished",3010,1
"473",3010000,3630,4,1,2,"yes","no","no","no","no",3,"no","semi-furnished",3010,1
"474",3003000,8050,2,1,1,"yes","no","no","no","no",0,"no","unfurnished",3003,1
"475",2975000,4352,4,1,2,"no","no","no","no","no",1,"no","unfurnished",2975,1
"476",2961000,3000,2,1,2,"yes","no","no","no","no",0,"no","semi-furnished",2961,1
"477",2940000,5850,3,1,2,"yes","no","yes","no","no",1,"no","unfurnished",2940,1
"478",2940000,4960,2,1,1,"yes","no","no","no","no",0,"no","unfurnished",2940,1
"479",2940000,3600,3,1,2,"no","no","no","no","no",1,"no","unfurnished",2940,1
"480",2940000,3660,4,1,2,"no","no","no","no","no",0,"no","unfurnished",2940,1
"481",2940000,3480,3,1,2,"no","no","no","no","no",1,"no","semi-furnished",2940,1
"482",2940000,2700,2,1,1,"no","no","no","no","no",0,"no","furnished",2940,1
"483",2940000,3150,3,1,2,"no","no","no","no","no",0,"no","unfurnished",2940,1
"484",2940000,6615,3,1,2,"yes","no","no","no","no",0,"no","semi-furnished",2940,1
"485",2870000,3040,2,1,1,"no","no","no","no","no",0,"no","unfurnished",2870,1
"486",2870000,3630,2,1,1,"yes","no","no","no","no",0,"no","unfurnished",2870,1
"487",2870000,6000,2,1,1,"yes","no","no","no","no",0,"no","semi-furnished",2870,1
"488",2870000,5400,4,1,2,"yes","no","no","no","no",0,"no","unfurnished",2870,1
"489",2852500,5200,4,1,3,"yes","no","no","no","no",0,"no","unfurnished",2852.5,1
"490",2835000,3300,3,1,2,"no","no","no","no","no",1,"no","semi-furnished",2835,1
"491",2835000,4350,3,1,2,"no","no","no","yes","no",1,"no","unfurnished",2835,1
"492",2835000,2640,2,1,1,"no","no","no","no","no",1,"no","furnished",2835,1
"493",2800000,2650,3,1,2,"yes","no","yes","no","no",1,"no","unfurnished",2800,1
"494",2800000,3960,3,1,1,"yes","no","no","no","no",0,"no","furnished",2800,1
"495",2730000,6800,2,1,1,"yes","no","no","no","no",0,"no","unfurnished",2730,1
"496",2730000,4000,3,1,2,"yes","no","no","no","no",1,"no","unfurnished",2730,1
"497",2695000,4000,2,1,1,"yes","no","no","no","no",0,"no","unfurnished",2695,1
"498",2660000,3934,2,1,1,"yes","no","no","no","no",0,"no","unfurnished",2660,1
"499",2660000,2000,2,1,2,"yes","no","no","no","no",0,"no","semi-furnished",2660,1
"500",2660000,3630,3,3,2,"no","yes","no","no","no",0,"no","unfurnished",2660,1
"501",2660000,2800,3,1,1,"yes","no","no","no","no",0,"no","unfurnished",2660,1
"502",2660000,2430,3,1,1,"no","no","no","no","no",0,"no","unfurnished",2660,1
"503",2660000,3480,2,1,1,"yes","no","no","no","no",1,"no","semi-furnished",2660,1
"504",2660000,4000,3,1,1,"yes","no","no","no","no",0,"no","semi-furnished",2660,1
"505",2653000,3185,2,1,1,"yes","no","no","no","yes",0,"no","unfurnished",2653,1
"506",2653000,4000,3,1,2,"yes","no","no","no","yes",0,"no","unfurnished",2653,1
"507",2604000,2910,2,1,1,"no","no","no","no","no",0,"no","unfurnished",2604,1
"508",2590000,3600,2,1,1,"yes","no","no","no","no",0,"no","unfurnished",2590,1
"509",2590000,4400,2,1,1,"yes","no","no","no","no",0,"no","unfurnished",2590,1
"510",2590000,3600,2,2,2,"yes","no","yes","no","no",1,"no","furnished",2590,1
"511",2520000,2880,3,1,1,"no","no","no","no","no",0,"no","unfurnished",2520,1
"512",2520000,3180,3,1,1,"no","no","no","no","no",0,"no","unfurnished",2520,1
"513",2520000,3000,2,1,2,"yes","no","no","no","no",0,"no","furnished",2520,1
"514",2485000,4400,3,1,2,"yes","no","no","no","no",0,"no","unfurnished",2485,1
"515",2485000,3000,3,1,2,"no","no","no","no","no",0,"no","semi-furnished",2485,1
"516",2450000,3210,3,1,2,"yes","no","yes","no","no",0,"no","unfurnished",2450,1
"517",2450000,3240,2,1,1,"no","yes","no","no","no",1,"no","unfurnished",2450,1
"518",2450000,3000,2,1,1,"yes","no","no","no","no",1,"no","unfurnished",2450,1
"519",2450000,3500,2,1,1,"yes","yes","no","no","no",0,"no","unfurnished",2450,1
"520",2450000,4840,2,1,2,"yes","no","no","no","no",0,"no","unfurnished",2450,1
"521",2450000,7700,2,1,1,"yes","no","no","no","no",0,"no","unfurnished",2450,1
"522",2408000,3635,2,1,1,"no","no","no","no","no",0,"no","unfurnished",2408,1
"523",2380000,2475,3,1,2,"yes","no","no","no","no",0,"no","furnished",2380,1
"524",2380000,2787,4,2,2,"yes","no","no","no","no",0,"no","furnished",2380,1
"525",2380000,3264,2,1,1,"yes","no","no","no","no",0,"no","unfurnished",2380,1
"526",2345000,3640,2,1,1,"yes","no","no","no","no",0,"no","unfurnished",2345,1
"527",2310000,3180,2,1,1,"yes","no","no","no","no",0,"no","unfurnished",2310,1
"528",2275000,1836,2,1,1,"no","no","yes","no","no",0,"no","semi-furnished",2275,1
"529",2275000,3970,1,1,1,"no","no","no","no","no",0,"no","unfurnished",2275,1
"530",2275000,3970,3,1,2,"yes","no","yes","no","no",0,"no","unfurnished",2275,1
"531",2240000,1950,3,1,1,"no","no","no","yes","no",0,"no","unfurnished",2240,1
"532",2233000,5300,3,1,1,"no","no","no","no","yes",0,"yes","unfurnished",2233,1
"533",2135000,3000,2,1,1,"no","no","no","no","no",0,"no","unfurnished",2135,1
"534",2100000,2400,3,1,2,"yes","no","no","no","no",0,"no","unfurnished",2100,1
"535",2100000,3000,4,1,2,"yes","no","no","no","no",0,"no","unfurnished",2100,1
"536",2100000,3360,2,1,1,"yes","no","no","no","no",1,"no","unfurnished",2100,1
"537",1960000,3420,5,1,2,"no","no","no","no","no",0,"no","unfurnished",1960,1
"538",1890000,1700,3,1,2,"yes","no","no","no","no",0,"no","unfurnished",1890,1
"539",1890000,3649,2,1,1,"yes","no","no","no","no",0,"no","unfurnished",1890,1
"540",1855000,2990,2,1,1,"no","no","no","no","no",1,"no","unfurnished",1855,1
"541",1820000,3000,2,1,1,"yes","no","yes","no","no",2,"no","unfurnished",1820,1
"542",1767150,2400,3,1,1,"no","no","no","no","no",0,"no","semi-furnished",1767.15,1
"543",1750000,3620,2,1,1,"yes","no","no","no","no",0,"no","unfurnished",1750,1
"544",1750000,2910,3,1,1,"no","no","no","no","no",0,"no","furnished",1750,1
"545",1750000,3850,3,1,2,"yes","no","no","no","no",0,"no","unfurnished",1750,1
